subject,trial,condition,rt
1,21,incongruent,749
1,22,congruent,325
1,23,congruent,352
1,24,incongruent,834
1,25,incongruent,815
1,26,incongruent,786
1,27,incongruent,742
1,28,congruent,337
1,29,incongruent,744
1,30,incongruent,797
1,31,incongruent,768
1,32,incongruent,791
1,33,incongruent,795
1,34,congruent,336
1,35,congruent,381
1,36,incongruent,749
1,37,incongruent,753
1,38,congruent,376
1,39,incongruent,739
1,40,congruent,371
1,41,congruent,349
1,42,incongruent,777
1,43,incongruent,713
1,44,congruent,388
1,45,congruent,335
1,46,incongruent,753
1,47,incongruent,886
1,48,congruent,363
1,49,incongruent,737
1,50,congruent,355
1,51,congruent,340
1,52,congruent,360
1,53,congruent,366
1,54,incongruent,823
1,55,incongruent,721
1,56,incongruent,819
1,57,incongruent,784
1,58,congruent,342
1,59,incongruent,823
1,60,incongruent,767
1,61,congruent,393
1,62,congruent,374
1,63,congruent,386
1,64,congruent,355
1,65,congruent,349
1,66,incongruent,701
1,67,congruent,356
1,68,congruent,369
1,69,congruent,390
1,70,incongruent,663
1,71,congruent,336
1,72,congruent,333
1,73,congruent,334
1,74,congruent,378
1,75,congruent,381
1,76,incongruent,805
1,77,incongruent,792
1,78,congruent,406
1,79,incongruent,800
1,80,incongruent,741
1,81,congruent,323
1,82,incongruent,750
1,83,congruent,316
1,84,incongruent,779
1,85,congruent,337
1,86,congruent,384
1,87,incongruent,788
1,88,incongruent,799
1,89,congruent,320
1,90,congruent,343
1,91,congruent,347
1,92,congruent,347
1,93,incongruent,765
1,94,incongruent,732
1,95,incongruent,699
1,96,incongruent,827
1,97,congruent,317
1,98,incongruent,786
1,99,incongruent,738
1,100,incongruent,792
1,101,incongruent,772
1,102,congruent,386
1,103,congruent,340
1,104,incongruent,809
1,105,incongruent,807
1,106,congruent,309
1,107,congruent,361
1,108,incongruent,837
1,109,congruent,354
1,110,incongruent,718
1,111,incongruent,752
1,112,congruent,330
1,113,incongruent,804
1,114,incongruent,750
1,115,congruent,389
1,116,congruent,368
1,117,congruent,290
1,118,congruent,334
1,119,congruent,358
1,120,incongruent,740
1,121,incongruent,812
1,122,incongruent,718
1,123,congruent,324
1,124,congruent,338
1,125,congruent,322
1,126,incongruent,787
1,127,congruent,369
1,128,congruent,324
1,129,congruent,313
1,130,congruent,359
1,131,incongruent,800
1,132,congruent,398
1,133,congruent,342
1,134,congruent,352
1,135,congruent,340
1,136,congruent,373
1,137,incongruent,767
1,138,incongruent,672
1,139,incongruent,814
1,140,congruent,347
1,141,congruent,336
1,142,incongruent,718
1,143,incongruent,717
1,144,incongruent,875
1,145,congruent,336
1,146,incongruent,747
1,147,congruent,344
1,148,incongruent,772
1,149,incongruent,767
1,150,incongruent,759
1,151,incongruent,811
1,152,incongruent,767
1,153,incongruent,773
1,154,incongruent,793
1,155,incongruent,800
1,156,incongruent,706
1,157,congruent,341
1,158,incongruent,769
1,159,congruent,387
1,160,incongruent,789
1,161,incongruent,790
1,162,incongruent,753
1,163,congruent,339
1,164,incongruent,842
1,165,congruent,343
1,166,congruent,342
1,167,congruent,336
1,168,congruent,355
1,169,incongruent,783
1,170,incongruent,731
1,171,incongruent,700
1,172,congruent,340
1,173,incongruent,801
1,174,incongruent,740
1,175,congruent,333
1,176,incongruent,757
1,177,incongruent,802
1,178,congruent,363
1,179,congruent,383
1,180,incongruent,790
1,181,incongruent,752
1,182,incongruent,779
1,183,congruent,369
1,184,incongruent,797
1,185,congruent,359
1,186,congruent,377
1,187,incongruent,833
1,188,incongruent,805
1,189,incongruent,825
1,190,congruent,382
1,191,congruent,362
1,192,incongruent,707
1,193,congruent,384
1,194,congruent,387
1,195,congruent,336
1,196,congruent,424
1,197,incongruent,697
1,198,incongruent,878
1,199,congruent,345
1,200,congruent,381
1,201,congruent,364
1,202,congruent,401
1,203,congruent,385
1,204,incongruent,726
1,205,congruent,395
1,206,incongruent,700
1,207,incongruent,793
1,208,congruent,322
1,209,incongruent,749
1,210,incongruent,759
1,211,congruent,371
1,212,incongruent,734
1,213,congruent,358
1,214,incongruent,814
1,215,incongruent,764
1,216,incongruent,837
1,217,congruent,357
1,218,congruent,410
1,219,incongruent,813
1,220,congruent,417
1,221,incongruent,761
1,222,congruent,374
1,223,incongruent,737
1,224,congruent,342
1,225,congruent,353
1,226,congruent,380
1,227,congruent,332
1,228,congruent,321
1,229,congruent,355
1,230,incongruent,747
1,231,congruent,372
1,232,incongruent,817
1,233,incongruent,730
1,234,incongruent,749
1,235,incongruent,764
1,236,incongruent,698
1,237,incongruent,786
1,238,congruent,315
1,239,incongruent,779
1,240,incongruent,676
1,241,congruent,341
1,242,incongruent,798
1,243,congruent,322
1,244,congruent,343
1,245,incongruent,777
1,246,congruent,332
1,247,congruent,362
1,248,congruent,356
1,249,incongruent,801
1,250,congruent,361
1,251,incongruent,767
1,252,congruent,346
1,253,incongruent,866
1,254,incongruent,867
1,255,congruent,349
1,256,incongruent,789
1,257,congruent,342
1,258,incongruent,778
1,259,incongruent,759
1,260,congruent,366
1,261,congruent,352
1,262,congruent,338
1,263,congruent,316
1,264,congruent,339
1,265,congruent,344
1,266,congruent,329
1,267,congruent,346
1,268,incongruent,808
1,269,congruent,331
1,270,incongruent,843
1,271,incongruent,751
1,272,incongruent,714
1,273,congruent,359
1,274,incongruent,734
1,275,incongruent,798
1,276,congruent,334
1,277,congruent,362
1,278,incongruent,780
1,279,congruent,381
1,280,incongruent,707
1,281,incongruent,784
1,282,congruent,330
1,283,congruent,338
1,284,congruent,336
1,285,congruent,363
1,286,incongruent,775
1,287,incongruent,735
1,288,incongruent,717
1,289,congruent,370
1,290,congruent,368
1,291,congruent,362
1,292,congruent,367
1,293,incongruent,822
1,294,incongruent,680
1,295,incongruent,818
1,296,congruent,365
1,297,congruent,345
1,298,incongruent,860
1,299,incongruent,786
1,300,congruent,296
1,301,incongruent,713
1,302,incongruent,802
1,303,congruent,379
1,304,incongruent,752
1,305,incongruent,729
1,306,congruent,332
1,307,congruent,347
1,308,incongruent,817
1,309,incongruent,800
1,310,incongruent,772
1,311,incongruent,771
1,312,incongruent,760
1,313,congruent,360
1,314,congruent,394
1,315,incongruent,801
1,316,congruent,332
1,317,congruent,376
1,318,congruent,345
1,319,congruent,315
1,320,congruent,357
1,321,incongruent,708
1,322,congruent,431
1,323,congruent,352
1,324,congruent,335
1,325,incongruent,647
1,326,congruent,403
1,327,congruent,399
1,328,incongruent,773
1,329,congruent,374
1,330,incongruent,719
1,331,congruent,349
1,332,congruent,383
1,333,congruent,386
1,334,incongruent,815
1,335,congruent,334
1,336,incongruent,839
1,337,congruent,352
1,338,incongruent,807
1,339,incongruent,735
1,340,congruent,333
1,341,congruent,343
1,342,congruent,403
1,343,congruent,352
1,344,congruent,325
1,345,incongruent,682
1,346,congruent,375
1,347,congruent,338
1,348,congruent,343
1,349,incongruent,791
1,350,congruent,395
1,351,incongruent,744
1,352,congruent,373
1,353,incongruent,774
1,354,congruent,351
1,355,congruent,336
1,356,congruent,376
1,357,congruent,379
1,358,incongruent,824
1,359,congruent,315
1,360,congruent,332
1,361,congruent,408
1,362,congruent,396
1,363,incongruent,738
1,364,congruent,387
1,365,congruent,352
1,366,incongruent,786
1,367,incongruent,811
1,368,congruent,369
1,369,congruent,382
1,370,incongruent,813
1,371,incongruent,818
1,372,incongruent,808
1,373,incongruent,687
1,374,incongruent,742
1,375,incongruent,783
1,376,congruent,322
1,377,incongruent,651
1,378,incongruent,759
1,379,incongruent,704
1,380,incongruent,811
1,381,incongruent,743
1,382,incongruent,667
1,383,congruent,342
1,384,congruent,378
1,385,congruent,353
1,386,incongruent,729
1,387,congruent,381
1,388,incongruent,799
1,389,congruent,364
1,390,congruent,327
1,391,incongruent,830
1,392,congruent,393
1,393,incongruent,703
1,394,incongruent,743
1,395,congruent,382
1,396,congruent,380
1,397,incongruent,784
1,398,incongruent,718
1,399,incongruent,721
1,400,incongruent,818
1,401,congruent,305
1,402,incongruent,697
1,403,incongruent,854
1,404,congruent,362
1,405,incongruent,734
1,406,congruent,349
1,407,congruent,405
1,408,congruent,346
1,409,congruent,365
1,410,congruent,393
1,411,congruent,345
1,412,incongruent,734
1,413,incongruent,726
1,414,incongruent,736
1,415,incongruent,848
1,416,congruent,331
1,417,incongruent,740
1,418,incongruent,752
1,419,congruent,346
1,420,congruent,347
1,421,congruent,376
1,422,incongruent,869
1,423,congruent,323
1,424,congruent,387
1,425,congruent,340
1,426,congruent,354
1,427,incongruent,879
1,428,congruent,408
1,429,incongruent,763
1,430,congruent,403
1,431,incongruent,847
1,432,incongruent,789
1,433,incongruent,831
1,434,congruent,349
1,435,congruent,304
1,436,incongruent,848
1,437,incongruent,775
1,438,congruent,356
1,439,congruent,358
1,440,congruent,339
1,441,congruent,365
1,442,congruent,346
1,443,incongruent,736
1,444,incongruent,753
1,445,incongruent,811
1,446,incongruent,790
1,447,incongruent,711
1,448,congruent,378
1,449,congruent,327
1,450,congruent,320
1,451,congruent,349
1,452,congruent,368
1,453,congruent,357
1,454,congruent,350
1,455,incongruent,739
1,456,congruent,369
1,457,congruent,322
1,458,incongruent,794
1,459,congruent,347
1,460,incongruent,686
1,461,congruent,332
1,462,incongruent,787
1,463,incongruent,760
1,464,congruent,375
1,465,congruent,369
1,466,congruent,336
1,467,incongruent,669
1,468,congruent,397
1,469,incongruent,802
1,470,congruent,387
1,471,congruent,373
1,472,congruent,351
1,473,incongruent,655
1,474,incongruent,806
1,475,congruent,353
1,476,incongruent,744
1,477,congruent,389
1,478,incongruent,773
1,479,congruent,319
1,480,incongruent,762
1,481,incongruent,722
1,482,incongruent,768
1,483,incongruent,801
1,484,congruent,380
1,485,incongruent,751
1,486,incongruent,800
1,487,incongruent,670
1,488,congruent,364
1,489,congruent,360
1,490,congruent,373
1,491,incongruent,762
1,492,congruent,359
1,493,incongruent,792
1,494,congruent,372
1,495,congruent,349
1,496,congruent,359
1,497,congruent,341
1,498,congruent,394
1,499,incongruent,680
1,500,congruent,357
2,21,incongruent,724
2,22,congruent,376
2,23,congruent,305
2,24,incongruent,703
2,25,incongruent,570
2,26,congruent,332
2,27,congruent,234
2,28,congruent,222
2,29,incongruent,703
2,30,incongruent,762
2,31,congruent,370
2,32,congruent,252
2,33,congruent,309
2,34,incongruent,811
2,35,incongruent,749
2,36,incongruent,670
2,37,incongruent,742
2,38,congruent,344
2,39,incongruent,765
2,40,incongruent,655
2,41,incongruent,684
2,42,incongruent,664
2,43,incongruent,703
2,44,incongruent,621
2,45,incongruent,740
2,46,incongruent,729
2,47,incongruent,678
2,48,incongruent,727
2,49,congruent,397
2,50,incongruent,635
2,51,incongruent,580
2,52,congruent,278
2,53,incongruent,711
2,54,congruent,338
2,55,congruent,245
2,56,incongruent,739
2,57,incongruent,652
2,58,incongruent,589
2,59,congruent,327
2,60,incongruent,611
2,61,congruent,359
2,62,incongruent,699
2,63,congruent,364
2,64,congruent,241
2,65,congruent,379
2,66,congruent,352
2,67,incongruent,663
2,68,congruent,365
2,69,congruent,284
2,70,incongruent,686
2,71,incongruent,545
2,72,congruent,376
2,73,congruent,280
2,74,incongruent,700
2,75,incongruent,685
2,76,congruent,296
2,77,congruent,288
2,78,incongruent,625
2,79,congruent,307
2,80,congruent,385
2,81,incongruent,651
2,82,congruent,286
2,83,incongruent,767
2,84,incongruent,682
2,85,incongruent,666
2,86,congruent,239
2,87,congruent,224
2,88,incongruent,700
2,89,congruent,397
2,90,congruent,316
2,91,congruent,384
2,92,congruent,330
2,93,incongruent,654
2,94,incongruent,671
2,95,incongruent,732
2,96,congruent,233
2,97,congruent,246
2,98,incongruent,908
2,99,congruent,312
2,100,congruent,392
2,101,incongruent,571
2,102,congruent,334
2,103,congruent,326
2,104,incongruent,741
2,105,congruent,168
2,106,congruent,271
2,107,incongruent,710
2,108,congruent,265
2,109,congruent,384
2,110,congruent,275
2,111,congruent,396
2,112,incongruent,711
2,113,incongruent,737
2,114,incongruent,650
2,115,congruent,276
2,116,incongruent,702
2,117,congruent,455
2,118,congruent,275
2,119,congruent,309
2,120,congruent,297
2,121,incongruent,654
2,122,congruent,392
2,123,congruent,304
2,124,congruent,310
2,125,incongruent,638
2,126,incongruent,653
2,127,congruent,353
2,128,incongruent,565
2,129,congruent,335
2,130,congruent,331
2,131,incongruent,707
2,132,incongruent,688
2,133,incongruent,797
2,134,incongruent,683
2,135,congruent,411
2,136,congruent,356
2,137,congruent,326
2,138,incongruent,637
2,139,congruent,281
2,140,congruent,264
2,141,congruent,315
2,142,congruent,287
2,143,congruent,386
2,144,congruent,326
2,145,congruent,240
2,146,incongruent,772
2,147,congruent,296
2,148,congruent,215
2,149,incongruent,676
2,150,incongruent,696
2,151,congruent,317
2,152,incongruent,682
2,153,congruent,250
2,154,incongruent,577
2,155,incongruent,618
2,156,incongruent,570
2,157,incongruent,695
2,158,incongruent,594
2,159,incongruent,690
2,160,congruent,318
2,161,incongruent,797
2,162,incongruent,607
2,163,incongruent,652
2,164,incongruent,703
2,165,incongruent,720
2,166,congruent,374
2,167,incongruent,547
2,168,incongruent,703
2,169,congruent,317
2,170,incongruent,757
2,171,congruent,335
2,172,incongruent,728
2,173,congruent,319
2,174,incongruent,539
2,175,incongruent,641
2,176,incongruent,701
2,177,congruent,419
2,178,incongruent,683
2,179,incongruent,734
2,180,congruent,306
2,181,incongruent,774
2,182,incongruent,784
2,183,incongruent,660
2,184,incongruent,772
2,185,congruent,390
2,186,incongruent,789
2,187,incongruent,743
2,188,congruent,290
2,189,congruent,269
2,190,incongruent,697
2,191,incongruent,699
2,192,incongruent,800
2,193,incongruent,592
2,194,incongruent,613
2,195,congruent,310
2,196,congruent,323
2,197,congruent,312
2,198,congruent,309
2,199,incongruent,672
2,200,congruent,413
2,201,incongruent,595
2,202,incongruent,697
2,203,congruent,273
2,204,incongruent,700
2,205,congruent,335
2,206,congruent,316
2,207,congruent,277
2,208,congruent,268
2,209,incongruent,812
2,210,congruent,288
2,211,congruent,274
2,212,incongruent,756
2,213,incongruent,699
2,214,incongruent,677
2,215,congruent,301
2,216,incongruent,747
2,217,incongruent,669
2,218,incongruent,576
2,219,congruent,244
2,220,congruent,307
2,221,incongruent,705
2,222,incongruent,645
2,223,congruent,316
2,224,congruent,317
2,225,incongruent,767
2,226,incongruent,703
2,227,congruent,340
2,228,incongruent,683
2,229,incongruent,729
2,230,congruent,283
2,231,incongruent,587
2,232,congruent,240
2,233,congruent,352
2,234,incongruent,636
2,235,congruent,372
2,236,congruent,300
2,237,congruent,358
2,238,incongruent,596
2,239,congruent,332
2,240,incongruent,710
2,241,incongruent,602
2,242,congruent,225
2,243,congruent,369
2,244,incongruent,743
2,245,congruent,391
2,246,incongruent,591
2,247,congruent,249
2,248,congruent,284
2,249,incongruent,673
2,250,incongruent,652
2,251,incongruent,735
2,252,congruent,223
2,253,incongruent,657
2,254,congruent,325
2,255,congruent,280
2,256,congruent,319
2,257,incongruent,566
2,258,incongruent,587
2,259,incongruent,750
2,260,congruent,232
2,261,congruent,234
2,262,congruent,288
2,263,congruent,261
2,264,incongruent,684
2,265,incongruent,664
2,266,congruent,388
2,267,congruent,390
2,268,congruent,378
2,269,incongruent,809
2,270,congruent,380
2,271,congruent,298
2,272,congruent,317
2,273,incongruent,608
2,274,congruent,447
2,275,congruent,387
2,276,congruent,235
2,277,incongruent,681
2,278,incongruent,606
2,279,congruent,243
2,280,incongruent,714
2,281,congruent,405
2,282,incongruent,691
2,283,congruent,258
2,284,incongruent,705
2,285,incongruent,615
2,286,congruent,365
2,287,incongruent,634
2,288,incongruent,658
2,289,congruent,294
2,290,incongruent,759
2,291,incongruent,684
2,292,incongruent,718
2,293,incongruent,541
2,294,incongruent,746
2,295,incongruent,656
2,296,congruent,452
2,297,incongruent,686
2,298,incongruent,621
2,299,incongruent,716
2,300,congruent,326
2,301,incongruent,672
2,302,congruent,305
2,303,incongruent,747
2,304,incongruent,596
2,305,incongruent,723
2,306,incongruent,702
2,307,congruent,302
2,308,incongruent,672
2,309,incongruent,663
2,310,congruent,341
2,311,congruent,260
2,312,congruent,265
2,313,incongruent,723
2,314,congruent,278
2,315,incongruent,656
2,316,incongruent,724
2,317,congruent,363
2,318,incongruent,748
2,319,congruent,279
2,320,congruent,281
2,321,congruent,407
2,322,congruent,264
2,323,incongruent,584
2,324,congruent,313
2,325,incongruent,647
2,326,congruent,342
2,327,incongruent,639
2,328,incongruent,739
2,329,incongruent,729
2,330,congruent,350
2,331,incongruent,661
2,332,incongruent,645
2,333,incongruent,743
2,334,incongruent,704
2,335,congruent,324
2,336,incongruent,675
2,337,incongruent,522
2,338,incongruent,691
2,339,congruent,342
2,340,congruent,375
2,341,congruent,350
2,342,incongruent,672
2,343,congruent,194
2,344,congruent,304
2,345,incongruent,706
2,346,incongruent,689
2,347,incongruent,705
2,348,incongruent,663
2,349,congruent,262
2,350,congruent,319
2,351,incongruent,685
2,352,congruent,349
2,353,congruent,336
2,354,incongruent,612
2,355,incongruent,732
2,356,congruent,275
2,357,congruent,222
2,358,incongruent,594
2,359,incongruent,702
2,360,congruent,453
2,361,congruent,376
2,362,congruent,294
2,363,incongruent,589
2,364,incongruent,605
2,365,incongruent,628
2,366,congruent,250
2,367,incongruent,787
2,368,incongruent,627
2,369,incongruent,811
2,370,incongruent,646
2,371,incongruent,643
2,372,congruent,354
2,373,congruent,403
2,374,incongruent,831
2,375,congruent,247
2,376,congruent,295
2,377,incongruent,751
2,378,incongruent,644
2,379,incongruent,644
2,380,incongruent,685
2,381,incongruent,684
2,382,incongruent,763
2,383,congruent,371
2,384,congruent,349
2,385,incongruent,666
2,386,congruent,410
2,387,congruent,261
2,388,incongruent,643
2,389,incongruent,632
2,390,congruent,238
2,391,incongruent,610
2,392,congruent,407
2,393,incongruent,679
2,394,congruent,263
2,395,congruent,399
2,396,congruent,278
2,397,incongruent,712
2,398,congruent,281
2,399,incongruent,600
2,400,incongruent,792
2,401,congruent,261
2,402,incongruent,569
2,403,congruent,337
2,404,congruent,335
2,405,incongruent,644
2,406,incongruent,712
2,407,congruent,386
2,408,incongruent,768
2,409,congruent,286
2,410,incongruent,855
2,411,congruent,263
2,412,congruent,396
2,413,incongruent,727
2,414,congruent,320
2,415,congruent,287
2,416,incongruent,732
2,417,incongruent,658
2,418,incongruent,797
2,419,incongruent,677
2,420,incongruent,702
2,421,incongruent,584
2,422,congruent,369
2,423,congruent,305
2,424,incongruent,671
2,425,congruent,400
2,426,incongruent,558
2,427,congruent,363
2,428,congruent,258
2,429,incongruent,748
2,430,incongruent,691
2,431,incongruent,748
2,432,congruent,209
2,433,incongruent,577
2,434,congruent,263
2,435,incongruent,695
2,436,congruent,234
2,437,incongruent,652
2,438,congruent,271
2,439,congruent,398
2,440,incongruent,679
2,441,congruent,343
2,442,incongruent,649
2,443,incongruent,771
2,444,incongruent,696
2,445,congruent,428
2,446,congruent,267
2,447,incongruent,730
2,448,incongruent,755
2,449,incongruent,701
2,450,incongruent,723
2,451,incongruent,614
2,452,incongruent,833
2,453,incongruent,629
2,454,incongruent,608
2,455,congruent,393
2,456,incongruent,706
2,457,incongruent,565
2,458,incongruent,719
2,459,congruent,308
2,460,congruent,305
2,461,congruent,312
2,462,congruent,375
2,463,incongruent,743
2,464,congruent,381
2,465,congruent,300
2,466,congruent,331
2,467,congruent,355
2,468,incongruent,684
2,469,incongruent,660
2,470,incongruent,754
2,471,incongruent,652
2,472,incongruent,595
2,473,incongruent,655
2,474,congruent,246
2,475,congruent,307
2,476,incongruent,626
2,477,congruent,368
2,478,incongruent,703
2,479,congruent,404
2,480,congruent,337
2,481,congruent,307
2,482,incongruent,677
2,483,incongruent,622
2,484,congruent,310
2,485,incongruent,732
2,486,congruent,282
2,487,incongruent,640
2,488,congruent,348
2,489,incongruent,636
2,490,incongruent,602
2,491,incongruent,692
2,492,incongruent,682
2,493,incongruent,758
2,494,congruent,399
2,495,congruent,318
2,496,incongruent,716
2,497,incongruent,757
2,498,congruent,307
2,499,incongruent,633
2,500,incongruent,679
3,21,incongruent,820
3,22,congruent,390
3,23,incongruent,893
3,24,congruent,489
3,25,congruent,405
3,26,congruent,501
3,27,congruent,435
3,28,incongruent,842
3,29,incongruent,776
3,30,incongruent,799
3,31,incongruent,803
3,32,congruent,540
3,33,congruent,454
3,34,congruent,383
3,35,congruent,432
3,36,incongruent,906
3,37,congruent,465
3,38,incongruent,808
3,39,incongruent,833
3,40,incongruent,832
3,41,congruent,495
3,42,incongruent,827
3,43,congruent,440
3,44,congruent,390
3,45,incongruent,806
3,46,congruent,498
3,47,incongruent,846
3,48,congruent,494
3,49,congruent,428
3,50,incongruent,807
3,51,incongruent,823
3,52,congruent,457
3,53,incongruent,848
3,54,congruent,444
3,55,incongruent,818
3,56,congruent,447
3,57,incongruent,783
3,58,incongruent,822
3,59,incongruent,869
3,60,congruent,438
3,61,congruent,510
3,62,incongruent,777
3,63,incongruent,890
3,64,congruent,517
3,65,incongruent,831
3,66,congruent,499
3,67,incongruent,809
3,68,congruent,476
3,69,incongruent,865
3,70,incongruent,882
3,71,incongruent,839
3,72,congruent,437
3,73,congruent,452
3,74,incongruent,817
3,75,congruent,405
3,76,incongruent,788
3,77,congruent,394
3,78,incongruent,874
3,79,congruent,373
3,80,congruent,446
3,81,congruent,480
3,82,incongruent,801
3,83,congruent,449
3,84,incongruent,852
3,85,congruent,461
3,86,incongruent,815
3,87,incongruent,902
3,88,incongruent,870
3,89,congruent,422
3,90,incongruent,802
3,91,incongruent,875
3,92,congruent,423
3,93,incongruent,837
3,94,incongruent,913
3,95,incongruent,841
3,96,congruent,416
3,97,incongruent,870
3,98,congruent,414
3,99,congruent,485
3,100,congruent,449
3,101,congruent,486
3,102,congruent,459
3,103,congruent,500
3,104,congruent,366
3,105,incongruent,865
3,106,congruent,490
3,107,incongruent,717
3,108,congruent,524
3,109,congruent,443
3,110,incongruent,830
3,111,incongruent,730
3,112,congruent,522
3,113,congruent,418
3,114,incongruent,850
3,115,congruent,455
3,116,incongruent,819
3,117,congruent,548
3,118,incongruent,741
3,119,incongruent,800
3,120,incongruent,876
3,121,congruent,469
3,122,congruent,507
3,123,congruent,416
3,124,incongruent,864
3,125,incongruent,779
3,126,congruent,460
3,127,congruent,524
3,128,congruent,446
3,129,congruent,496
3,130,incongruent,848
3,131,incongruent,850
3,132,congruent,468
3,133,incongruent,831
3,134,incongruent,809
3,135,congruent,408
3,136,congruent,502
3,137,congruent,469
3,138,incongruent,865
3,139,congruent,474
3,140,incongruent,806
3,141,incongruent,837
3,142,congruent,519
3,143,incongruent,829
3,144,incongruent,881
3,145,incongruent,842
3,146,incongruent,784
3,147,incongruent,850
3,148,congruent,500
3,149,congruent,478
3,150,congruent,416
3,151,congruent,416
3,152,incongruent,905
3,153,incongruent,746
3,154,congruent,498
3,155,congruent,460
3,156,incongruent,762
3,157,incongruent,852
3,158,congruent,454
3,159,congruent,488
3,160,congruent,454
3,161,congruent,505
3,162,incongruent,786
3,163,congruent,525
3,164,congruent,522
3,165,incongruent,894
3,166,congruent,446
3,167,congruent,497
3,168,congruent,464
3,169,incongruent,773
3,170,congruent,409
3,171,congruent,533
3,172,incongruent,860
3,173,incongruent,891
3,174,congruent,492
3,175,incongruent,755
3,176,congruent,484
3,177,incongruent,772
3,178,incongruent,801
3,179,congruent,439
3,180,incongruent,888
3,181,incongruent,846
3,182,congruent,491
3,183,incongruent,893
3,184,congruent,421
3,185,congruent,509
3,186,congruent,446
3,187,incongruent,879
3,188,incongruent,851
3,189,congruent,482
3,190,incongruent,761
3,191,congruent,471
3,192,congruent,602
3,193,incongruent,862
3,194,incongruent,769
3,195,incongruent,850
3,196,incongruent,863
3,197,congruent,484
3,198,congruent,490
3,199,congruent,553
3,200,congruent,427
3,201,incongruent,831
3,202,congruent,498
3,203,congruent,485
3,204,congruent,469
3,205,incongruent,849
3,206,incongruent,760
3,207,congruent,447
3,208,congruent,431
3,209,congruent,448
3,210,congruent,477
3,211,congruent,461
3,212,congruent,488
3,213,incongruent,865
3,214,incongruent,802
3,215,congruent,394
3,216,congruent,438
3,217,incongruent,841
3,218,congruent,552
3,219,incongruent,855
3,220,congruent,417
3,221,congruent,444
3,222,congruent,489
3,223,congruent,436
3,224,incongruent,861
3,225,congruent,439
3,226,incongruent,839
3,227,incongruent,841
3,228,congruent,534
3,229,incongruent,818
3,230,congruent,436
3,231,congruent,434
3,232,congruent,421
3,233,congruent,409
3,234,incongruent,866
3,235,incongruent,737
3,236,incongruent,854
3,237,incongruent,759
3,238,incongruent,861
3,239,incongruent,803
3,240,congruent,519
3,241,congruent,456
3,242,congruent,526
3,243,incongruent,796
3,244,incongruent,828
3,245,congruent,427
3,246,congruent,467
3,247,incongruent,847
3,248,incongruent,869
3,249,congruent,474
3,250,incongruent,938
3,251,congruent,499
3,252,incongruent,867
3,253,congruent,434
3,254,incongruent,916
3,255,incongruent,865
3,256,incongruent,914
3,257,incongruent,852
3,258,incongruent,759
3,259,congruent,463
3,260,congruent,536
3,261,congruent,436
3,262,incongruent,832
3,263,congruent,516
3,264,incongruent,823
3,265,congruent,443
3,266,incongruent,815
3,267,incongruent,891
3,268,congruent,440
3,269,incongruent,801
3,270,congruent,503
3,271,congruent,479
3,272,congruent,422
3,273,congruent,441
3,274,congruent,418
3,275,incongruent,859
3,276,incongruent,873
3,277,congruent,404
3,278,congruent,475
3,279,congruent,496
3,280,congruent,396
3,281,congruent,470
3,282,congruent,362
3,283,incongruent,771
3,284,incongruent,815
3,285,congruent,481
3,286,congruent,371
3,287,incongruent,824
3,288,incongruent,827
3,289,incongruent,852
3,290,congruent,426
3,291,incongruent,764
3,292,incongruent,744
3,293,incongruent,814
3,294,congruent,431
3,295,congruent,508
3,296,congruent,540
3,297,congruent,459
3,298,congruent,474
3,299,incongruent,828
3,300,incongruent,833
3,301,incongruent,863
3,302,congruent,407
3,303,incongruent,926
3,304,incongruent,875
3,305,congruent,387
3,306,incongruent,883
3,307,congruent,478
3,308,congruent,473
3,309,incongruent,912
3,310,incongruent,822
3,311,congruent,495
3,312,congruent,457
3,313,congruent,406
3,314,incongruent,844
3,315,incongruent,763
3,316,congruent,517
3,317,incongruent,799
3,318,congruent,452
3,319,incongruent,820
3,320,incongruent,860
3,321,congruent,466
3,322,congruent,446
3,323,incongruent,887
3,324,congruent,543
3,325,congruent,458
3,326,congruent,528
3,327,congruent,447
3,328,incongruent,796
3,329,congruent,446
3,330,incongruent,855
3,331,congruent,378
3,332,congruent,444
3,333,congruent,445
3,334,congruent,423
3,335,congruent,453
3,336,congruent,475
3,337,incongruent,874
3,338,congruent,502
3,339,congruent,399
3,340,congruent,545
3,341,incongruent,802
3,342,incongruent,899
3,343,incongruent,910
3,344,congruent,543
3,345,congruent,406
3,346,incongruent,838
3,347,incongruent,833
3,348,congruent,605
3,349,congruent,462
3,350,congruent,439
3,351,congruent,530
3,352,congruent,471
3,353,incongruent,808
3,354,incongruent,837
3,355,congruent,477
3,356,congruent,482
3,357,congruent,493
3,358,congruent,437
3,359,incongruent,854
3,360,incongruent,780
3,361,incongruent,853
3,362,congruent,484
3,363,congruent,437
3,364,congruent,485
3,365,incongruent,803
3,366,congruent,524
3,367,incongruent,863
3,368,incongruent,881
3,369,congruent,446
3,370,incongruent,791
3,371,incongruent,853
3,372,congruent,487
3,373,incongruent,724
3,374,congruent,442
3,375,incongruent,805
3,376,incongruent,905
3,377,congruent,453
3,378,congruent,449
3,379,congruent,445
3,380,incongruent,854
3,381,incongruent,833
3,382,incongruent,831
3,383,incongruent,818
3,384,incongruent,834
3,385,incongruent,821
3,386,congruent,452
3,387,incongruent,840
3,388,congruent,461
3,389,incongruent,868
3,390,incongruent,850
3,391,incongruent,793
3,392,congruent,414
3,393,incongruent,774
3,394,incongruent,828
3,395,congruent,387
3,396,incongruent,835
3,397,congruent,488
3,398,incongruent,812
3,399,congruent,446
3,400,congruent,359
3,401,incongruent,770
3,402,congruent,507
3,403,incongruent,781
3,404,congruent,394
3,405,incongruent,911
3,406,incongruent,865
3,407,incongruent,840
3,408,incongruent,803
3,409,congruent,420
3,410,congruent,469
3,411,incongruent,853
3,412,congruent,491
3,413,congruent,449
3,414,congruent,509
3,415,incongruent,798
3,416,congruent,426
3,417,incongruent,862
3,418,congruent,496
3,419,congruent,444
3,420,incongruent,863
3,421,congruent,440
3,422,incongruent,987
3,423,incongruent,861
3,424,congruent,484
3,425,incongruent,852
3,426,congruent,534
3,427,congruent,459
3,428,congruent,406
3,429,incongruent,775
3,430,incongruent,803
3,431,congruent,429
3,432,congruent,493
3,433,congruent,477
3,434,congruent,443
3,435,congruent,463
3,436,congruent,462
3,437,incongruent,819
3,438,incongruent,766
3,439,congruent,443
3,440,congruent,546
3,441,incongruent,956
3,442,congruent,469
3,443,incongruent,815
3,444,incongruent,841
3,445,congruent,572
3,446,incongruent,876
3,447,congruent,423
3,448,incongruent,780
3,449,congruent,478
3,450,congruent,494
3,451,congruent,465
3,452,incongruent,789
3,453,congruent,471
3,454,congruent,389
3,455,incongruent,898
3,456,congruent,422
3,457,incongruent,815
3,458,incongruent,853
3,459,incongruent,752
3,460,incongruent,856
3,461,congruent,561
3,462,incongruent,720
3,463,congruent,411
3,464,incongruent,887
3,465,incongruent,828
3,466,incongruent,790
3,467,congruent,472
3,468,incongruent,812
3,469,incongruent,851
3,470,congruent,351
3,471,congruent,498
3,472,incongruent,868
3,473,incongruent,856
3,474,congruent,427
3,475,congruent,467
3,476,congruent,520
3,477,congruent,560
3,478,incongruent,816
3,479,congruent,456
3,480,incongruent,849
3,481,incongruent,736
3,482,congruent,465
3,483,incongruent,834
3,484,incongruent,935
3,485,congruent,407
3,486,congruent,367
3,487,congruent,477
3,488,congruent,369
3,489,congruent,441
3,490,incongruent,849
3,491,incongruent,917
3,492,incongruent,817
3,493,incongruent,743
3,494,congruent,440
3,495,congruent,492
3,496,incongruent,854
3,497,congruent,508
3,498,congruent,404
3,499,congruent,461
3,500,congruent,534
4,21,congruent,508
4,22,congruent,439
4,23,congruent,454
4,24,congruent,471
4,25,congruent,450
4,26,incongruent,663
4,27,incongruent,643
4,28,incongruent,640
4,29,congruent,385
4,30,congruent,465
4,31,incongruent,678
4,32,incongruent,661
4,33,congruent,435
4,34,incongruent,650
4,35,congruent,424
4,36,congruent,437
4,37,congruent,515
4,38,incongruent,613
4,39,incongruent,673
4,40,congruent,430
4,41,congruent,527
4,42,incongruent,585
4,43,incongruent,672
4,44,incongruent,728
4,45,congruent,498
4,46,incongruent,695
4,47,congruent,399
4,48,congruent,432
4,49,incongruent,596
4,50,congruent,322
4,51,congruent,376
4,52,incongruent,613
4,53,incongruent,691
4,54,incongruent,687
4,55,incongruent,675
4,56,incongruent,727
4,57,incongruent,610
4,58,congruent,483
4,59,incongruent,611
4,60,incongruent,737
4,61,congruent,450
4,62,congruent,590
4,63,congruent,369
4,64,incongruent,647
4,65,incongruent,620
4,66,incongruent,708
4,67,incongruent,602
4,68,incongruent,681
4,69,incongruent,737
4,70,congruent,358
4,71,congruent,425
4,72,congruent,436
4,73,incongruent,609
4,74,incongruent,697
4,75,congruent,475
4,76,incongruent,733
4,77,congruent,551
4,78,congruent,403
4,79,congruent,474
4,80,congruent,558
4,81,incongruent,604
4,82,incongruent,638
4,83,congruent,472
4,84,congruent,492
4,85,incongruent,626
4,86,incongruent,518
4,87,incongruent,610
4,88,congruent,483
4,89,incongruent,678
4,90,congruent,519
4,91,incongruent,681
4,92,congruent,465
4,93,incongruent,615
4,94,incongruent,683
4,95,incongruent,627
4,96,incongruent,608
4,97,congruent,347
4,98,congruent,443
4,99,congruent,401
4,100,congruent,454
4,101,incongruent,673
4,102,congruent,511
4,103,congruent,397
4,104,incongruent,698
4,105,incongruent,682
4,106,congruent,470
4,107,congruent,407
4,108,congruent,434
4,109,congruent,551
4,110,congruent,513
4,111,congruent,411
4,112,congruent,429
4,113,incongruent,685
4,114,congruent,486
4,115,incongruent,664
4,116,incongruent,662
4,117,incongruent,598
4,118,congruent,417
4,119,congruent,517
4,120,incongruent,727
4,121,congruent,485
4,122,incongruent,623
4,123,congruent,483
4,124,incongruent,800
4,125,congruent,433
4,126,congruent,346
4,127,incongruent,686
4,128,congruent,529
4,129,congruent,402
4,130,incongruent,697
4,131,incongruent,653
4,132,congruent,386
4,133,congruent,550
4,134,congruent,401
4,135,incongruent,713
4,136,incongruent,691
4,137,congruent,419
4,138,incongruent,698
4,139,congruent,376
4,140,incongruent,676
4,141,congruent,548
4,142,incongruent,633
4,143,congruent,530
4,144,incongruent,685
4,145,congruent,354
4,146,congruent,482
4,147,incongruent,753
4,148,incongruent,749
4,149,congruent,394
4,150,congruent,410
4,151,congruent,431
4,152,incongruent,628
4,153,incongruent,568
4,154,congruent,411
4,155,congruent,589
4,156,congruent,401
4,157,congruent,390
4,158,congruent,498
4,159,incongruent,638
4,160,incongruent,733
4,161,congruent,413
4,162,incongruent,663
4,163,incongruent,739
4,164,congruent,385
4,165,congruent,298
4,166,congruent,403
4,167,incongruent,666
4,168,congruent,429
4,169,incongruent,662
4,170,congruent,535
4,171,congruent,327
4,172,congruent,360
4,173,incongruent,631
4,174,incongruent,688
4,175,congruent,454
4,176,incongruent,647
4,177,incongruent,661
4,178,incongruent,638
4,179,congruent,404
4,180,congruent,530
4,181,incongruent,641
4,182,congruent,476
4,183,incongruent,665
4,184,congruent,373
4,185,congruent,339
4,186,congruent,447
4,187,congruent,441
4,188,incongruent,608
4,189,congruent,564
4,190,incongruent,680
4,191,incongruent,656
4,192,incongruent,731
4,193,incongruent,674
4,194,incongruent,689
4,195,congruent,466
4,196,congruent,392
4,197,incongruent,642
4,198,congruent,442
4,199,congruent,574
4,200,incongruent,664
4,201,congruent,381
4,202,incongruent,599
4,203,incongruent,762
4,204,congruent,301
4,205,incongruent,640
4,206,incongruent,644
4,207,congruent,473
4,208,incongruent,715
4,209,incongruent,687
4,210,incongruent,611
4,211,incongruent,652
4,212,incongruent,613
4,213,congruent,504
4,214,congruent,434
4,215,congruent,291
4,216,incongruent,663
4,217,congruent,342
4,218,congruent,539
4,219,incongruent,561
4,220,incongruent,648
4,221,incongruent,671
4,222,congruent,427
4,223,congruent,408
4,224,incongruent,662
4,225,incongruent,686
4,226,congruent,501
4,227,congruent,483
4,228,incongruent,722
4,229,congruent,448
4,230,congruent,480
4,231,congruent,486
4,232,congruent,469
4,233,incongruent,612
4,234,incongruent,650
4,235,incongruent,700
4,236,incongruent,660
4,237,congruent,457
4,238,congruent,342
4,239,congruent,401
4,240,incongruent,680
4,241,congruent,336
4,242,congruent,419
4,243,congruent,402
4,244,congruent,466
4,245,incongruent,742
4,246,congruent,455
4,247,incongruent,648
4,248,congruent,521
4,249,incongruent,704
4,250,congruent,506
4,251,congruent,444
4,252,congruent,532
4,253,congruent,433
4,254,incongruent,705
4,255,incongruent,640
4,256,congruent,480
4,257,congruent,449
4,258,congruent,414
4,259,incongruent,684
4,260,incongruent,655
4,261,incongruent,723
4,262,incongruent,721
4,263,congruent,504
4,264,congruent,534
4,265,congruent,325
4,266,congruent,540
4,267,incongruent,673
4,268,incongruent,688
4,269,congruent,438
4,270,congruent,416
4,271,congruent,458
4,272,incongruent,611
4,273,congruent,470
4,274,incongruent,708
4,275,congruent,450
4,276,incongruent,692
4,277,congruent,444
4,278,incongruent,582
4,279,congruent,422
4,280,incongruent,613
4,281,congruent,441
4,282,congruent,489
4,283,incongruent,614
4,284,congruent,471
4,285,congruent,411
4,286,incongruent,724
4,287,congruent,528
4,288,congruent,373
4,289,congruent,528
4,290,congruent,303
4,291,incongruent,655
4,292,incongruent,709
4,293,congruent,362
4,294,congruent,357
4,295,incongruent,645
4,296,congruent,405
4,297,congruent,477
4,298,congruent,476
4,299,incongruent,575
4,300,congruent,377
4,301,congruent,467
4,302,congruent,469
4,303,congruent,370
4,304,incongruent,648
4,305,congruent,372
4,306,congruent,456
4,307,incongruent,667
4,308,incongruent,688
4,309,congruent,423
4,310,incongruent,710
4,311,incongruent,594
4,312,incongruent,635
4,313,incongruent,641
4,314,incongruent,660
4,315,incongruent,618
4,316,incongruent,631
4,317,incongruent,705
4,318,congruent,469
4,319,congruent,461
4,320,congruent,358
4,321,incongruent,632
4,322,incongruent,729
4,323,congruent,313
4,324,incongruent,664
4,325,incongruent,683
4,326,incongruent,640
4,327,congruent,451
4,328,incongruent,646
4,329,incongruent,694
4,330,incongruent,729
4,331,incongruent,704
4,332,congruent,454
4,333,incongruent,705
4,334,congruent,496
4,335,incongruent,736
4,336,congruent,546
4,337,incongruent,692
4,338,congruent,427
4,339,incongruent,610
4,340,congruent,370
4,341,congruent,411
4,342,congruent,375
4,343,incongruent,615
4,344,congruent,454
4,345,congruent,450
4,346,incongruent,546
4,347,incongruent,670
4,348,congruent,456
4,349,congruent,433
4,350,incongruent,612
4,351,incongruent,667
4,352,incongruent,709
4,353,incongruent,751
4,354,incongruent,668
4,355,congruent,500
4,356,incongruent,774
4,357,congruent,418
4,358,congruent,565
4,359,incongruent,727
4,360,incongruent,703
4,361,incongruent,718
4,362,incongruent,699
4,363,congruent,434
4,364,congruent,495
4,365,incongruent,683
4,366,congruent,328
4,367,congruent,448
4,368,congruent,393
4,369,incongruent,697
4,370,incongruent,704
4,371,congruent,531
4,372,congruent,440
4,373,congruent,520
4,374,incongruent,641
4,375,incongruent,679
4,376,congruent,362
4,377,incongruent,676
4,378,congruent,435
4,379,incongruent,676
4,380,congruent,399
4,381,incongruent,764
4,382,congruent,474
4,383,incongruent,668
4,384,incongruent,653
4,385,congruent,442
4,386,congruent,486
4,387,incongruent,674
4,388,incongruent,628
4,389,congruent,396
4,390,congruent,426
4,391,incongruent,698
4,392,incongruent,685
4,393,incongruent,616
4,394,congruent,441
4,395,congruent,328
4,396,congruent,351
4,397,congruent,380
4,398,incongruent,647
4,399,congruent,389
4,400,congruent,543
4,401,incongruent,660
4,402,congruent,355
4,403,congruent,569
4,404,incongruent,615
4,405,incongruent,547
4,406,congruent,502
4,407,incongruent,629
4,408,incongruent,583
4,409,congruent,448
4,410,congruent,356
4,411,congruent,458
4,412,congruent,505
4,413,incongruent,696
4,414,congruent,494
4,415,incongruent,580
4,416,incongruent,574
4,417,congruent,529
4,418,congruent,502
4,419,congruent,356
4,420,incongruent,697
4,421,congruent,384
4,422,congruent,417
4,423,congruent,391
4,424,incongruent,617
4,425,incongruent,653
4,426,incongruent,743
4,427,incongruent,665
4,428,incongruent,682
4,429,congruent,346
4,430,incongruent,643
4,431,congruent,414
4,432,incongruent,762
4,433,congruent,491
4,434,congruent,472
4,435,incongruent,710
4,436,congruent,477
4,437,incongruent,766
4,438,congruent,440
4,439,incongruent,678
4,440,congruent,490
4,441,congruent,512
4,442,incongruent,738
4,443,incongruent,579
4,444,congruent,516
4,445,congruent,561
4,446,congruent,413
4,447,congruent,414
4,448,incongruent,651
4,449,incongruent,722
4,450,congruent,429
4,451,incongruent,654
4,452,congruent,458
4,453,incongruent,631
4,454,congruent,410
4,455,congruent,407
4,456,incongruent,616
4,457,incongruent,630
4,458,incongruent,693
4,459,congruent,448
4,460,congruent,452
4,461,incongruent,754
4,462,congruent,416
4,463,incongruent,655
4,464,congruent,245
4,465,incongruent,624
4,466,incongruent,807
4,467,incongruent,638
4,468,congruent,426
4,469,congruent,386
4,470,congruent,488
4,471,congruent,392
4,472,incongruent,706
4,473,congruent,460
4,474,incongruent,673
4,475,incongruent,661
4,476,incongruent,614
4,477,incongruent,583
4,478,incongruent,597
4,479,incongruent,652
4,480,incongruent,752
4,481,incongruent,686
4,482,congruent,476
4,483,incongruent,605
4,484,incongruent,734
4,485,incongruent,647
4,486,congruent,516
4,487,incongruent,639
4,488,congruent,405
4,489,incongruent,698
4,490,incongruent,692
4,491,congruent,407
4,492,congruent,579
4,493,incongruent,725
4,494,incongruent,636
4,495,incongruent,692
4,496,incongruent,723
4,497,congruent,423
4,498,congruent,474
4,499,incongruent,676
4,500,incongruent,758
5,21,congruent,312
5,22,incongruent,660
5,23,congruent,385
5,24,congruent,447
5,25,incongruent,687
5,26,incongruent,734
5,27,incongruent,711
5,28,congruent,357
5,29,congruent,449
5,30,congruent,399
5,31,congruent,372
5,32,congruent,384
5,33,congruent,347
5,34,incongruent,646
5,35,incongruent,728
5,36,congruent,497
5,37,incongruent,707
5,38,incongruent,703
5,39,incongruent,773
5,40,incongruent,741
5,41,congruent,406
5,42,incongruent,764
5,43,incongruent,681
5,44,congruent,367
5,45,incongruent,705
5,46,congruent,464
5,47,incongruent,727
5,48,congruent,387
5,49,incongruent,689
5,50,incongruent,675
5,51,incongruent,737
5,52,incongruent,736
5,53,congruent,371
5,54,incongruent,693
5,55,incongruent,677
5,56,congruent,366
5,57,congruent,484
5,58,incongruent,759
5,59,incongruent,734
5,60,incongruent,777
5,61,incongruent,709
5,62,congruent,381
5,63,incongruent,646
5,64,congruent,403
5,65,congruent,427
5,66,congruent,480
5,67,incongruent,665
5,68,incongruent,754
5,69,congruent,396
5,70,congruent,372
5,71,incongruent,664
5,72,incongruent,658
5,73,incongruent,639
5,74,incongruent,698
5,75,congruent,384
5,76,incongruent,700
5,77,congruent,416
5,78,incongruent,802
5,79,incongruent,698
5,80,congruent,313
5,81,congruent,431
5,82,congruent,453
5,83,incongruent,737
5,84,incongruent,737
5,85,incongruent,662
5,86,incongruent,698
5,87,incongruent,767
5,88,incongruent,693
5,89,incongruent,746
5,90,incongruent,691
5,91,congruent,339
5,92,incongruent,776
5,93,incongruent,654
5,94,congruent,377
5,95,incongruent,696
5,96,congruent,291
5,97,incongruent,766
5,98,incongruent,727
5,99,congruent,431
5,100,congruent,401
5,101,congruent,360
5,102,incongruent,726
5,103,incongruent,771
5,104,congruent,492
5,105,incongruent,793
5,106,incongruent,679
5,107,congruent,372
5,108,incongruent,707
5,109,congruent,365
5,110,incongruent,699
5,111,congruent,297
5,112,congruent,321
5,113,incongruent,614
5,114,congruent,498
5,115,incongruent,700
5,116,incongruent,685
5,117,congruent,393
5,118,incongruent,713
5,119,incongruent,655
5,120,incongruent,722
5,121,congruent,360
5,122,incongruent,683
5,123,incongruent,680
5,124,congruent,383
5,125,incongruent,719
5,126,congruent,352
5,127,congruent,506
5,128,incongruent,677
5,129,incongruent,688
5,130,congruent,270
5,131,congruent,413
5,132,congruent,438
5,133,congruent,344
5,134,incongruent,732
5,135,congruent,439
5,136,incongruent,776
5,137,congruent,405
5,138,incongruent,695
5,139,congruent,448
5,140,congruent,422
5,141,congruent,450
5,142,congruent,373
5,143,incongruent,738
5,144,incongruent,728
5,145,congruent,399
5,146,incongruent,711
5,147,incongruent,739
5,148,incongruent,763
5,149,congruent,388
5,150,congruent,363
5,151,incongruent,737
5,152,congruent,478
5,153,incongruent,667
5,154,congruent,474
5,155,congruent,415
5,156,incongruent,818
5,157,congruent,401
5,158,congruent,431
5,159,incongruent,646
5,160,incongruent,729
5,161,incongruent,643
5,162,congruent,431
5,163,congruent,377
5,164,congruent,496
5,165,congruent,342
5,166,congruent,410
5,167,incongruent,701
5,168,incongruent,720
5,169,congruent,482
5,170,congruent,419
5,171,incongruent,694
5,172,incongruent,661
5,173,congruent,492
5,174,incongruent,735
5,175,congruent,428
5,176,congruent,430
5,177,congruent,407
5,178,congruent,421
5,179,congruent,407
5,180,congruent,597
5,181,incongruent,738
5,182,congruent,404
5,183,incongruent,678
5,184,congruent,387
5,185,congruent,388
5,186,congruent,349
5,187,incongruent,611
5,188,incongruent,701
5,189,congruent,454
5,190,congruent,432
5,191,incongruent,783
5,192,incongruent,710
5,193,incongruent,741
5,194,congruent,456
5,195,incongruent,680
5,196,incongruent,655
5,197,incongruent,672
5,198,congruent,449
5,199,incongruent,693
5,200,congruent,467
5,201,incongruent,732
5,202,incongruent,699
5,203,congruent,373
5,204,incongruent,729
5,205,congruent,357
5,206,incongruent,643
5,207,congruent,429
5,208,incongruent,684
5,209,congruent,448
5,210,congruent,427
5,211,incongruent,729
5,212,incongruent,775
5,213,incongruent,696
5,214,incongruent,694
5,215,incongruent,714
5,216,congruent,342
5,217,congruent,397
5,218,congruent,514
5,219,incongruent,697
5,220,incongruent,766
5,221,incongruent,723
5,222,incongruent,739
5,223,congruent,390
5,224,congruent,379
5,225,congruent,395
5,226,incongruent,658
5,227,incongruent,810
5,228,congruent,440
5,229,incongruent,755
5,230,incongruent,765
5,231,incongruent,659
5,232,congruent,419
5,233,incongruent,699
5,234,incongruent,669
5,235,incongruent,762
5,236,congruent,447
5,237,incongruent,659
5,238,incongruent,795
5,239,incongruent,686
5,240,congruent,402
5,241,congruent,374
5,242,congruent,399
5,243,incongruent,709
5,244,incongruent,653
5,245,congruent,411
5,246,incongruent,614
5,247,incongruent,663
5,248,incongruent,696
5,249,congruent,428
5,250,incongruent,662
5,251,congruent,491
5,252,incongruent,693
5,253,congruent,376
5,254,congruent,409
5,255,incongruent,724
5,256,incongruent,717
5,257,congruent,394
5,258,incongruent,784
5,259,congruent,422
5,260,incongruent,753
5,261,congruent,330
5,262,congruent,499
5,263,congruent,415
5,264,incongruent,695
5,265,congruent,484
5,266,congruent,359
5,267,incongruent,708
5,268,congruent,413
5,269,incongruent,704
5,270,incongruent,729
5,271,incongruent,695
5,272,congruent,405
5,273,incongruent,702
5,274,congruent,443
5,275,incongruent,704
5,276,congruent,394
5,277,incongruent,690
5,278,congruent,381
5,279,congruent,391
5,280,incongruent,696
5,281,congruent,401
5,282,congruent,439
5,283,incongruent,661
5,284,incongruent,704
5,285,incongruent,763
5,286,congruent,386
5,287,incongruent,735
5,288,congruent,320
5,289,incongruent,708
5,290,incongruent,749
5,291,congruent,372
5,292,incongruent,604
5,293,congruent,315
5,294,incongruent,706
5,295,incongruent,708
5,296,congruent,502
5,297,congruent,375
5,298,congruent,386
5,299,incongruent,785
5,300,incongruent,714
5,301,congruent,381
5,302,incongruent,685
5,303,incongruent,662
5,304,congruent,350
5,305,incongruent,638
5,306,congruent,389
5,307,incongruent,718
5,308,incongruent,716
5,309,incongruent,708
5,310,incongruent,764
5,311,incongruent,702
5,312,congruent,501
5,313,congruent,402
5,314,incongruent,744
5,315,congruent,475
5,316,incongruent,728
5,317,incongruent,617
5,318,congruent,397
5,319,incongruent,718
5,320,incongruent,752
5,321,incongruent,652
5,322,incongruent,682
5,323,congruent,377
5,324,incongruent,690
5,325,incongruent,653
5,326,congruent,445
5,327,congruent,393
5,328,incongruent,693
5,329,congruent,411
5,330,incongruent,683
5,331,congruent,439
5,332,congruent,479
5,333,incongruent,731
5,334,incongruent,687
5,335,congruent,436
5,336,incongruent,674
5,337,congruent,465
5,338,incongruent,704
5,339,incongruent,657
5,340,congruent,416
5,341,incongruent,721
5,342,incongruent,695
5,343,incongruent,678
5,344,incongruent,652
5,345,congruent,416
5,346,incongruent,799
5,347,incongruent,733
5,348,incongruent,729
5,349,incongruent,730
5,350,congruent,394
5,351,congruent,503
5,352,incongruent,702
5,353,congruent,353
5,354,incongruent,761
5,355,incongruent,713
5,356,incongruent,734
5,357,incongruent,661
5,358,congruent,350
5,359,congruent,346
5,360,congruent,415
5,361,incongruent,722
5,362,incongruent,687
5,363,congruent,385
5,364,incongruent,691
5,365,congruent,426
5,366,incongruent,753
5,367,congruent,501
5,368,incongruent,689
5,369,incongruent,663
5,370,incongruent,617
5,371,congruent,421
5,372,congruent,319
5,373,congruent,503
5,374,incongruent,779
5,375,incongruent,735
5,376,congruent,441
5,377,incongruent,602
5,378,incongruent,734
5,379,congruent,457
5,380,incongruent,706
5,381,incongruent,702
5,382,incongruent,704
5,383,incongruent,640
5,384,congruent,324
5,385,incongruent,659
5,386,congruent,399
5,387,incongruent,669
5,388,incongruent,686
5,389,congruent,443
5,390,congruent,414
5,391,congruent,477
5,392,incongruent,723
5,393,incongruent,727
5,394,congruent,385
5,395,congruent,463
5,396,congruent,398
5,397,incongruent,656
5,398,incongruent,658
5,399,congruent,381
5,400,incongruent,765
5,401,incongruent,643
5,402,congruent,377
5,403,congruent,360
5,404,congruent,503
5,405,congruent,452
5,406,incongruent,675
5,407,congruent,464
5,408,incongruent,661
5,409,congruent,400
5,410,congruent,370
5,411,congruent,423
5,412,incongruent,671
5,413,congruent,401
5,414,congruent,450
5,415,incongruent,665
5,416,incongruent,638
5,417,incongruent,648
5,418,incongruent,713
5,419,incongruent,705
5,420,incongruent,748
5,421,congruent,426
5,422,congruent,435
5,423,congruent,374
5,424,congruent,449
5,425,incongruent,708
5,426,congruent,473
5,427,congruent,349
5,428,incongruent,738
5,429,incongruent,693
5,430,congruent,362
5,431,congruent,464
5,432,congruent,470
5,433,congruent,438
5,434,incongruent,769
5,435,congruent,490
5,436,congruent,407
5,437,incongruent,779
5,438,congruent,375
5,439,congruent,388
5,440,incongruent,689
5,441,incongruent,721
5,442,congruent,429
5,443,congruent,388
5,444,incongruent,704
5,445,incongruent,790
5,446,incongruent,695
5,447,congruent,478
5,448,congruent,480
5,449,congruent,411
5,450,congruent,484
5,451,incongruent,741
5,452,incongruent,715
5,453,incongruent,711
5,454,incongruent,738
5,455,incongruent,751
5,456,incongruent,678
5,457,incongruent,730
5,458,congruent,416
5,459,incongruent,769
5,460,incongruent,679
5,461,incongruent,740
5,462,congruent,436
5,463,incongruent,760
5,464,incongruent,673
5,465,congruent,456
5,466,congruent,376
5,467,incongruent,710
5,468,congruent,399
5,469,incongruent,729
5,470,congruent,354
5,471,congruent,464
5,472,incongruent,707
5,473,incongruent,670
5,474,congruent,372
5,475,congruent,419
5,476,congruent,374
5,477,incongruent,758
5,478,congruent,384
5,479,congruent,337
5,480,congruent,346
5,481,incongruent,668
5,482,incongruent,672
5,483,congruent,264
5,484,incongruent,760
5,485,incongruent,664
5,486,congruent,428
5,487,incongruent,743
5,488,congruent,364
5,489,incongruent,698
5,490,incongruent,722
5,491,incongruent,721
5,492,congruent,327
5,493,congruent,405
5,494,congruent,438
5,495,incongruent,718
5,496,congruent,412
5,497,congruent,400
5,498,incongruent,737
5,499,incongruent,710
5,500,congruent,356
6,21,congruent,353
6,22,congruent,372
6,23,congruent,345
6,24,congruent,408
6,25,incongruent,883
6,26,congruent,366
6,27,congruent,408
6,28,incongruent,712
6,29,congruent,346
6,30,congruent,308
6,31,incongruent,877
6,32,congruent,341
6,33,incongruent,688
6,34,congruent,362
6,35,incongruent,792
6,36,congruent,307
6,37,incongruent,828
6,38,incongruent,793
6,39,congruent,396
6,40,congruent,320
6,41,incongruent,765
6,42,congruent,364
6,43,incongruent,757
6,44,congruent,391
6,45,incongruent,677
6,46,congruent,391
6,47,incongruent,751
6,48,incongruent,805
6,49,congruent,367
6,50,incongruent,775
6,51,incongruent,736
6,52,congruent,376
6,53,incongruent,779
6,54,incongruent,726
6,55,incongruent,761
6,56,congruent,379
6,57,congruent,342
6,58,congruent,391
6,59,incongruent,806
6,60,incongruent,759
6,61,incongruent,725
6,62,congruent,306
6,63,incongruent,745
6,64,incongruent,748
6,65,congruent,322
6,66,congruent,343
6,67,incongruent,750
6,68,congruent,311
6,69,congruent,403
6,70,incongruent,758
6,71,incongruent,752
6,72,incongruent,751
6,73,congruent,401
6,74,congruent,297
6,75,congruent,366
6,76,incongruent,781
6,77,incongruent,795
6,78,incongruent,813
6,79,congruent,380
6,80,congruent,337
6,81,congruent,329
6,82,congruent,409
6,83,congruent,332
6,84,congruent,346
6,85,congruent,392
6,86,congruent,300
6,87,incongruent,715
6,88,incongruent,726
6,89,congruent,334
6,90,incongruent,729
6,91,incongruent,755
6,92,congruent,357
6,93,congruent,412
6,94,congruent,399
6,95,congruent,411
6,96,incongruent,693
6,97,congruent,400
6,98,incongruent,737
6,99,incongruent,766
6,100,incongruent,786
6,101,congruent,380
6,102,congruent,344
6,103,incongruent,770
6,104,congruent,297
6,105,congruent,374
6,106,congruent,348
6,107,congruent,388
6,108,incongruent,763
6,109,incongruent,778
6,110,congruent,368
6,111,incongruent,753
6,112,congruent,364
6,113,congruent,384
6,114,incongruent,802
6,115,congruent,342
6,116,congruent,333
6,117,incongruent,758
6,118,incongruent,821
6,119,congruent,356
6,120,congruent,359
6,121,incongruent,713
6,122,incongruent,772
6,123,congruent,342
6,124,incongruent,771
6,125,congruent,361
6,126,incongruent,774
6,127,incongruent,763
6,128,congruent,348
6,129,congruent,389
6,130,incongruent,722
6,131,incongruent,691
6,132,incongruent,799
6,133,incongruent,811
6,134,congruent,387
6,135,incongruent,756
6,136,incongruent,711
6,137,congruent,397
6,138,congruent,377
6,139,incongruent,862
6,140,incongruent,723
6,141,congruent,378
6,142,congruent,324
6,143,congruent,384
6,144,incongruent,776
6,145,incongruent,725
6,146,congruent,341
6,147,congruent,320
6,148,incongruent,756
6,149,incongruent,717
6,150,congruent,375
6,151,congruent,379
6,152,congruent,360
6,153,incongruent,830
6,154,incongruent,783
6,155,incongruent,864
6,156,congruent,349
6,157,incongruent,750
6,158,congruent,315
6,159,incongruent,772
6,160,incongruent,764
6,161,congruent,374
6,162,congruent,377
6,163,congruent,296
6,164,congruent,308
6,165,congruent,400
6,166,congruent,367
6,167,incongruent,690
6,168,incongruent,751
6,169,incongruent,696
6,170,incongruent,734
6,171,congruent,314
6,172,congruent,372
6,173,incongruent,783
6,174,congruent,379
6,175,congruent,369
6,176,congruent,427
6,177,incongruent,743
6,178,congruent,343
6,179,incongruent,765
6,180,congruent,345
6,181,congruent,360
6,182,incongruent,742
6,183,congruent,371
6,184,congruent,366
6,185,incongruent,782
6,186,incongruent,779
6,187,congruent,350
6,188,incongruent,783
6,189,congruent,431
6,190,congruent,357
6,191,incongruent,828
6,192,incongruent,806
6,193,incongruent,826
6,194,incongruent,712
6,195,congruent,348
6,196,incongruent,838
6,197,congruent,385
6,198,congruent,414
6,199,incongruent,758
6,200,incongruent,730
6,201,congruent,352
6,202,congruent,374
6,203,incongruent,768
6,204,incongruent,761
6,205,incongruent,788
6,206,congruent,427
6,207,incongruent,756
6,208,incongruent,727
6,209,congruent,404
6,210,incongruent,805
6,211,congruent,340
6,212,congruent,373
6,213,incongruent,696
6,214,incongruent,687
6,215,congruent,323
6,216,incongruent,763
6,217,incongruent,794
6,218,incongruent,718
6,219,congruent,372
6,220,incongruent,755
6,221,congruent,341
6,222,congruent,430
6,223,incongruent,839
6,224,incongruent,766
6,225,incongruent,814
6,226,congruent,382
6,227,incongruent,733
6,228,incongruent,711
6,229,incongruent,751
6,230,congruent,424
6,231,congruent,327
6,232,congruent,375
6,233,incongruent,822
6,234,congruent,364
6,235,congruent,365
6,236,incongruent,749
6,237,incongruent,694
6,238,congruent,417
6,239,incongruent,736
6,240,incongruent,738
6,241,congruent,395
6,242,congruent,322
6,243,incongruent,857
6,244,incongruent,759
6,245,congruent,407
6,246,incongruent,766
6,247,incongruent,791
6,248,incongruent,713
6,249,congruent,318
6,250,incongruent,861
6,251,incongruent,763
6,252,incongruent,757
6,253,incongruent,664
6,254,incongruent,673
6,255,congruent,357
6,256,congruent,381
6,257,incongruent,772
6,258,congruent,391
6,259,incongruent,814
6,260,incongruent,804
6,261,congruent,433
6,262,congruent,423
6,263,congruent,370
6,264,incongruent,795
6,265,incongruent,783
6,266,incongruent,818
6,267,incongruent,781
6,268,congruent,388
6,269,incongruent,848
6,270,congruent,359
6,271,incongruent,775
6,272,incongruent,765
6,273,congruent,370
6,274,incongruent,808
6,275,incongruent,776
6,276,incongruent,785
6,277,incongruent,827
6,278,incongruent,722
6,279,incongruent,734
6,280,incongruent,752
6,281,incongruent,710
6,282,incongruent,763
6,283,congruent,367
6,284,congruent,378
6,285,incongruent,807
6,286,incongruent,679
6,287,congruent,345
6,288,congruent,363
6,289,incongruent,806
6,290,incongruent,737
6,291,congruent,389
6,292,incongruent,767
6,293,congruent,346
6,294,congruent,364
6,295,congruent,460
6,296,congruent,364
6,297,incongruent,839
6,298,incongruent,705
6,299,incongruent,708
6,300,congruent,378
6,301,incongruent,782
6,302,congruent,352
6,303,congruent,321
6,304,incongruent,759
6,305,congruent,373
6,306,congruent,411
6,307,congruent,348
6,308,incongruent,881
6,309,incongruent,785
6,310,incongruent,789
6,311,incongruent,724
6,312,incongruent,763
6,313,congruent,337
6,314,congruent,397
6,315,congruent,291
6,316,congruent,348
6,317,incongruent,719
6,318,congruent,355
6,319,incongruent,824
6,320,incongruent,810
6,321,congruent,312
6,322,incongruent,728
6,323,incongruent,812
6,324,congruent,374
6,325,congruent,335
6,326,incongruent,693
6,327,congruent,401
6,328,incongruent,743
6,329,congruent,380
6,330,congruent,351
6,331,incongruent,752
6,332,congruent,408
6,333,incongruent,765
6,334,congruent,309
6,335,congruent,389
6,336,congruent,324
6,337,congruent,362
6,338,incongruent,806
6,339,congruent,326
6,340,incongruent,789
6,341,incongruent,753
6,342,incongruent,724
6,343,incongruent,780
6,344,congruent,366
6,345,incongruent,840
6,346,incongruent,760
6,347,congruent,381
6,348,congruent,458
6,349,incongruent,897
6,350,congruent,341
6,351,congruent,366
6,352,congruent,272
6,353,incongruent,772
6,354,incongruent,733
6,355,incongruent,834
6,356,congruent,388
6,357,congruent,350
6,358,incongruent,753
6,359,congruent,372
6,360,congruent,370
6,361,incongruent,742
6,362,congruent,329
6,363,incongruent,831
6,364,incongruent,864
6,365,incongruent,793
6,366,congruent,385
6,367,incongruent,700
6,368,incongruent,787
6,369,congruent,369
6,370,congruent,307
6,371,incongruent,815
6,372,congruent,396
6,373,incongruent,721
6,374,incongruent,765
6,375,incongruent,740
6,376,congruent,334
6,377,congruent,302
6,378,congruent,358
6,379,incongruent,768
6,380,incongruent,769
6,381,incongruent,764
6,382,incongruent,787
6,383,congruent,360
6,384,congruent,380
6,385,congruent,410
6,386,congruent,376
6,387,congruent,363
6,388,incongruent,737
6,389,congruent,373
6,390,congruent,299
6,391,congruent,344
6,392,congruent,370
6,393,congruent,385
6,394,incongruent,713
6,395,congruent,377
6,396,congruent,394
6,397,congruent,440
6,398,congruent,362
6,399,congruent,416
6,400,congruent,412
6,401,incongruent,725
6,402,congruent,383
6,403,congruent,442
6,404,incongruent,836
6,405,congruent,311
6,406,incongruent,840
6,407,congruent,330
6,408,incongruent,764
6,409,incongruent,740
6,410,congruent,307
6,411,congruent,355
6,412,incongruent,782
6,413,incongruent,742
6,414,incongruent,781
6,415,congruent,392
6,416,congruent,359
6,417,incongruent,791
6,418,incongruent,648
6,419,congruent,389
6,420,congruent,354
6,421,incongruent,737
6,422,congruent,354
6,423,incongruent,726
6,424,congruent,386
6,425,congruent,380
6,426,incongruent,716
6,427,incongruent,818
6,428,incongruent,717
6,429,congruent,358
6,430,congruent,403
6,431,congruent,401
6,432,incongruent,774
6,433,incongruent,797
6,434,congruent,338
6,435,congruent,400
6,436,congruent,383
6,437,congruent,367
6,438,congruent,423
6,439,congruent,361
6,440,incongruent,781
6,441,incongruent,783
6,442,incongruent,812
6,443,incongruent,770
6,444,congruent,357
6,445,congruent,292
6,446,congruent,427
6,447,congruent,352
6,448,congruent,396
6,449,incongruent,780
6,450,congruent,330
6,451,incongruent,737
6,452,congruent,396
6,453,congruent,312
6,454,congruent,394
6,455,congruent,308
6,456,congruent,341
6,457,incongruent,728
6,458,congruent,362
6,459,incongruent,782
6,460,congruent,366
6,461,incongruent,823
6,462,incongruent,843
6,463,congruent,340
6,464,incongruent,800
6,465,congruent,333
6,466,congruent,370
6,467,incongruent,676
6,468,incongruent,823
6,469,congruent,346
6,470,congruent,295
6,471,congruent,338
6,472,incongruent,676
6,473,congruent,382
6,474,incongruent,804
6,475,incongruent,756
6,476,incongruent,879
6,477,incongruent,753
6,478,incongruent,770
6,479,congruent,342
6,480,congruent,360
6,481,congruent,408
6,482,congruent,349
6,483,incongruent,720
6,484,incongruent,779
6,485,incongruent,764
6,486,incongruent,758
6,487,incongruent,670
6,488,congruent,334
6,489,congruent,379
6,490,congruent,356
6,491,incongruent,804
6,492,congruent,339
6,493,congruent,328
6,494,incongruent,738
6,495,incongruent,759
6,496,incongruent,760
6,497,incongruent,704
6,498,congruent,351
6,499,congruent,411
6,500,congruent,369
